arrival_rate,service_rate,servers,avg_waiting_time
3.7295661653191017,12.191564205411128,3,0.00025280560644709983
6.245473321557393,10.46791453707218,2,0.010719246864668628
6.521117926657646,11.669492484921372,1,0.08556021547216278
9.530609680174145,5.8305616639796725,2,0.3435097825772073
4.735032303287986,5.709321647131852,3,0.002086508540785501
2.8981534445112453,12.895865475396732,4,0.0
8.244749523403879,14.269966649034515,4,5.124116784380234e-05
2.6717942820355667,7.440309928870188,2,0.003318227960872512
6.617659297306417,7.083624600891163,5,9.111900231899158e-05
3.745517752356154,13.385454622610215,5,0.0
5.771108353818704,14.431615582343849,4,6.013238000214634e-06
3.9541474304038653,9.399706162307258,4,1.898478634647885e-06
2.504301031714901,5.647188027118448,1,0.13142515700935406
9.672420439873747,14.676789768512451,5,2.1725721773617852e-05
6.4937693442165365,13.179464136127546,2,0.003956692058780898
2.52657593874791,7.249249814536593,2,0.006593829092566753
4.629139191285872,12.916161915241412,4,0.0
6.1968143862071186,9.179249354184803,4,0.00022088901822165633
4.528453809927845,10.36931005319829,3,0.0004767576162243754
7.888268736659238,12.378601814666155,5,0.0
3.0254705965718287,7.473813889936743,3,5.792004833104467e-05
6.891873192432556,5.556717873210731,2,0.11131224082841
6.810508157043664,14.682987105796139,1,0.06226021383160583
2.950867077522937,6.119822077508942,2,0.01715139336228574
6.569140927835591,13.565805903307158,2,0.006241981303070573
8.653966459767856,11.236554443030075,5,1.6353488679439104e-07
7.758493308574061,5.7470105583623985,5,0.0012809988901755873
9.613119283448622,5.094725967985867,3,0.06963277307482912
9.492906537083577,10.246780824734895,5,0.00017856987694621742
4.1940103896788585,12.245086341211564,5,0.0
2.2569823713527803,10.068782136199918,4,0.0
5.682553808847803,6.9284201974812385,5,0.0
4.240826263472265,7.436072605945322,1,0.17261974357760654
7.318697067041939,12.307859765278398,1,0.14191604901501353
2.7549004609534737,10.828389878376207,4,0.0
9.503276727683225,7.260320020176963,3,0.013768129951695404
8.23633108603765,6.543031320845322,2,0.13360567449847302
7.632536169032548,9.943460470458144,3,0.002078771806414814
2.5404424733377713,11.19733030049433,2,0.0010392855527089177
3.8361356224432708,6.476567881037711,4,5.44481420268569e-05
3.756403969746983,6.277565812332181,3,0.000985407993386572
3.155884419514047,8.197226483523309,3,0.00023406778776923013
8.509623349367427,5.586731879334139,2,0.3150511940297436
6.252970586395156,9.687818222571831,2,0.018196834917733343
5.579054239167545,14.75008188857593,2,0.0025488508091250934
6.689999526393357,9.874275250789637,3,0.0017839657808026706
2.266909745844438,14.04649625735735,3,3.723030879588681e-05
7.443682864417712,8.096330918227505,5,0.00027591891608627774
8.429317937133447,6.217464761275834,5,0.0005025377111743821
4.568502396403104,5.80123882594015,5,0.0
2.6609096550083278,14.374993528479834,4,0.0
3.3811265904065033,14.87866025217162,4,0.0
9.20722495914112,10.666838408638052,4,0.00038169277816530703
5.516651711453279,11.682678846981318,3,0.0010438700763271797
3.058771251690713,14.94998579921522,2,0.000646436229667085
5.448594457549999,12.955009267698923,2,0.0034115014828953482
2.9792982400399834,5.43118214608882,2,0.010442289080661965
6.2403092504051445,11.21014881207656,2,0.008199610733107725
8.00902416273618,9.179761187498324,1,0.4008289256741161
2.2451165467504666,14.27369886858356,2,0.00048824890051180504
2.634673030282074,9.811621118346334,2,0.0017142278919705998
2.1456450003180727,10.798601296484865,2,0.0009085908882724504
9.926886480363123,10.693510306497078,4,0.0006881575004240559
4.845412025230561,9.599209578326517,3,0.0003465184857511752
4.5477260817430425,6.672370179316854,3,0.0017837218724563201
6.703770478015769,7.005255306727912,4,0.0013711619187830755
3.281635711955037,14.414521665354513,5,0.0
5.182371510214625,14.20853168987471,3,0.00010765033864119098
8.65151115119771,6.8760437215128665,5,0.0008514179034136523
8.955583844043453,5.240474105429135,5,0.0015161952356778166
7.241788016918596,6.706435214038359,2,0.06192691352602548
8.583153760933964,11.595161328624915,2,0.013728787257916299
8.22122995584861,9.553397606284747,2,0.020054929757840723
3.2217420531672305,13.49587974370165,5,0.0
8.789997427014926,11.765864747268608,3,0.0017385605551914313
3.2933903059815526,11.076794015749734,5,0.0
9.863850566603517,14.761854002448466,4,6.186808988979066e-05
4.821172906885057,11.273429059682302,4,0.0
3.8930154324358206,14.721987307172098,5,0.0
8.248810236709826,10.507853761834873,3,0.0018400507194634569
7.226555537033141,8.423903850692064,2,0.026509326538734078
3.8056543098431623,10.331267666094655,1,0.029301320944216423
8.312024322375567,10.753629688309957,3,0.0031624317197194024
9.814743612469062,8.639461967246785,5,0.00026780630448169576
6.279310316281132,8.43906648681795,5,0.00013799480413015833
2.2395756498213117,14.980875825511806,4,0.0
8.326819472442564,14.603787544380298,1,0.11448280932993356
5.292128625855984,8.803816567079163,4,0.00021293938010599685
5.802246616254217,13.86013180989824,3,0.0002600384735676112
9.824661296434172,10.117279238972454,1,3.1392055945074966
2.4298742649156884,5.795282667638933,4,4.4542867880712014e-05
9.584101680730175,8.742407706736515,5,0.00017884546661202364
4.078123853446558,9.670343916973955,5,0.0
6.920974686552397,6.549677599992315,5,3.705606268436402e-05
2.2639837657161035,6.036330013902686,4,0.0
5.056375903393861,5.924896883621786,4,0.00028425806015848764
4.090108029007706,5.509643580787214,4,0.0013307268699014273
8.47512327480986,5.284084095593093,2,0.39703329639435364
5.93367168288177,8.913720165152725,4,0.0005044980686442422
2.1670010860248876,9.852571052585532,2,0.0019303676930063941
4.390599381752855,9.071095934844386,2,0.006312513528254195
2.5546388345676103,14.155871224015977,2,0.0008626484895851277
2.3394852046065138,12.26505895434498,5,0.0
5.538703391952117,11.537128928118626,5,0.0
6.02945690191588,6.472749567388815,2,0.044552896393289014
2.4640736790336444,8.398283078137911,5,0.0
3.9762300433502196,5.26333275104437,2,0.022439872887669802
8.056985468416443,13.8736974298693,3,0.000569836732571118
5.02243523600362,7.044195457987246,2,0.014534722692330583
6.807348114911944,11.790385076919069,3,0.0007463455751362496
8.089747883585872,13.83862248298568,2,0.0038224070907704175
9.402908012195198,11.56079756328136,5,3.052959762277749e-05
8.849260020452057,14.743695211615181,4,0.0001349181616105627
6.74547848407297,11.870271930660001,4,4.480424965815081e-05
9.8772868446841,9.694768549880598,5,1.2060916335285558e-05
9.77460948834777,10.691474859059166,1,0.9830214962420561
8.680037557268149,10.730578457898993,2,0.01294603814862257
4.0593162182116345,6.691076579518956,4,6.832993439805553e-05
6.653182640266283,14.188233672268161,4,6.470093650098808e-06
3.9314676862486087,7.686926119514838,3,0.00028207584007858413
5.078800132556237,13.640114957772116,3,4.7167457798627794e-05
6.175124024440125,6.593845720552377,3,0.006231139426981907
9.214614061485682,12.395363873319484,3,0.001462041291319436
2.4117245623117363,14.8184012629912,4,0.0
9.24563913442932,10.644334600647943,5,3.500934837161068e-05
2.484444932778481,12.252095352152839,2,3.2201185346010375e-05
3.6674278141660217,9.687753675411022,5,0.0
3.7591807833393434,12.017636550026184,1,0.03986246854093055
4.151057542805384,8.91210605633217,1,0.10349620521849327
6.3299431633037955,8.455591889618121,3,0.0014502818051508
9.776740841052963,11.453978965152594,5,3.685816951572062e-05
2.601827771888244,12.180179113871342,2,0.001932415335875989
6.552995136930342,11.587833518426407,1,0.10217334024671859
3.2168413408690286,12.874254052563813,2,0.0022440261219199946
8.145159409241288,14.136503855721338,5,0.0
5.581805322017583,6.3805962154252,1,0.8864953734336982
4.061048281335234,7.031861625102014,1,0.15580644166145433
5.150814071870741,13.997501322584203,1,0.03772543733190913
9.69734008042889,14.280016948787729,1,0.13482076664361464
4.183862276850187,8.335560700610852,2,0.006350363779552123
3.594340933074294,6.674731769084591,5,6.295838516833409e-05
4.282689609331761,14.347824715340668,1,0.03313267424377418
6.284432165563055,12.496654511097505,1,0.08986057224465449
5.170211558220265,13.675827945283224,3,7.424730923413366e-05
9.242498665927878,13.484995805937583,1,0.14083535143529313
7.617517802528226,9.362089802748983,1,0.4893444138240635
3.7412407756465997,6.633229113759937,4,7.021490104849129e-05
2.6689559341431117,9.92373507775826,4,0.0
9.360174314726393,10.608354515725292,3,0.002175202057405251
5.969774552563593,5.119497778439538,5,0.00039674446090793994
6.546574956211654,14.48074782165289,3,0.0003761947081813903
4.684222716003402,12.737142224728656,1,0.048540250348050276
5.945244681849392,5.271375484149278,3,0.014478327366756546
2.1821196959504023,5.029569353387048,5,0.00015316904769808155
2.4837484544746715,10.797210032238088,4,0.0
5.382549076867496,10.917799082775392,3,0.0011908916155415666
5.755682579272774,10.643509113495776,2,0.007490614328457538
7.785575379852931,8.570642167217636,4,0.000569038241430455
3.6516179758688736,6.295089272759531,2,0.009469706407306447
9.182733837455004,8.346742134847311,5,8.278309600774086e-05
7.505943262665319,7.045648476033071,4,0.0010098385423466395
8.377600308010267,7.385216425229951,3,0.006325058194624529
3.2188169832899254,10.529875136444716,4,0.0
3.8926946942764626,7.823355686771205,5,0.0
7.835597111495866,5.446984813514303,5,0.00056462163799722
5.254401636228126,9.441730082246751,4,0.0002675967239076107
2.1861713185974407,5.628509991344171,3,0.00019559855208975651
3.7422577065777896,6.028750809034786,4,0.00028970725999995673
6.0629567122300525,10.89650020698371,2,0.007005735314299918
3.6058558153953966,7.158858181596398,4,3.4048679963585115e-06
7.007276667681586,7.923738538100485,1,0.6714715967689472
2.8797524559842715,12.084311502116746,2,0.001951118462436415
5.251806032491696,7.629013051206133,4,1.0283814265433993e-05
8.851818489503056,7.977578570099576,3,0.0073579923490814814
9.248938047522492,11.256724358979355,1,0.5155438229866073
3.961790603542789,6.643613630442085,3,0.0004358736797743428
4.627522654878022,9.290597186407387,2,0.008309839538901827
4.2505899544143055,7.775485166148779,3,0.0004262650662180294
2.0937089924222194,7.882087979631004,2,0.007184479540673522
5.914259342545055,14.172802373489086,3,0.00016784766650298897
5.552616203065931,14.973805569325373,1,0.02973483951574829
9.549855865641483,5.65815319417344,2,0.2375291829526728
5.135932179317744,13.311689484493234,5,0.0
3.011677629743412,14.260065255783115,5,0.0
6.701765144144918,11.163809354025299,4,2.2192714776597062e-05
4.91604456283616,13.926904218060596,5,0.0
4.11102147348732,9.94096600995446,5,0.0
2.779617639959751,13.077973988980146,5,0.0
8.397639456298132,12.876192215389581,5,2.7549685878238746e-06
6.032928889851384,13.991423512121061,2,0.003836037042305431
9.901889322803893,9.630580470588644,4,0.000953630817273736
9.552216928995861,9.784932369979963,1,1.3904077454345056
9.646027144058785,6.8750101450178045,4,0.0060562407622328646
4.634223394386399,10.139484894048566,4,0.0
5.103166215060258,11.421645387463194,3,0.00029360655635817917
3.488904137361917,9.389277491170404,1,0.059324259090391095
7.565672409483878,5.598008325932461,1,27.10623066134164
9.565523461818573,9.305915406158245,1,1.5485854578374607
5.126833569761756,5.769448664473935,1,1.8724232691743745
7.425417935777316,12.981982596369647,2,0.007421559376347371
6.13288722981588,11.316671871097574,4,7.913006764737292e-05
6.814548326454612,8.899194599830238,2,0.01952316839715054
2.723151136778079,9.620254290861645,3,0.0
6.102243073992392,13.51356706804742,1,0.05885277896973396
9.442306714260244,5.738809803284357,3,0.03731174469205654
2.131495145801529,11.012672067763855,4,0.0
2.4747204310779445,13.03989116654572,3,2.6982910150332406e-05
7.945827811415363,6.630138674698056,1,18.70128974544482
9.701993105876582,12.151363031240457,3,0.0023734149455534783
3.221209464303505,8.9958523955356,2,0.0020572496719935916
3.6937757509762177,11.570637695972533,2,0.0008876830600589954
8.11486551620446,8.265743284605268,5,0.0001386504819859461
6.793932484895547,8.125917853542472,1,0.4962563405038829
3.852918217298658,9.137577745328738,4,1.3141788761847012e-05
4.443758211989138,9.791114287167987,3,0.0004151881797367503
9.17485632306676,6.27624432516915,4,0.0024395876639797145
8.17115847983801,13.149679122434643,5,1.1157317642014208e-06
7.867712285558569,9.506265781082647,3,0.0029702971040744992
3.8915907296118846,11.915945230463715,2,0.0036876411772957356
3.23397972877782,12.304146872810641,3,0.00010328259041985085
3.328493562668416,12.989078902692414,2,0.0021058864992376325
9.205126483098073,14.224521133711454,4,0.00021358937141118596
6.858653249168366,10.856892017467333,5,2.067180283492462e-05
2.5705965437279215,5.329236091397461,1,0.27358820648703
5.973601833160822,7.3158285343444,2,0.03313394752521404
6.283976823026403,10.749259566921735,2,0.006155905381047284
9.405086588075868,11.20988808523052,5,2.800582724456042e-05
9.369062216244085,12.585094309114737,3,0.0011561327208028313
3.9017195867877703,14.777504915426894,5,0.0
2.4671787058069743,10.712231766642539,2,0.0019578841990158433
3.318441978330582,5.676418088632051,4,0.0
6.569467882360024,7.886356409194662,4,0.00023127630931739623
4.671187586087325,13.663102318441599,5,0.0
9.531893798894806,9.10009723877396,4,0.001004184754986723
6.5379696077798615,14.756501235465311,4,6.344113617975587e-06
6.682443304164823,12.15358737065096,1,0.09182756964878905
8.882313803018103,7.87671670777676,4,0.0006304686540055315
5.370981991650967,12.050834469301043,5,0.0
8.229091884361857,13.120544301882234,4,9.191545980411021e-05
7.3327829413013506,14.315194832975541,2,0.004641725428455912
7.878318872309161,9.3379991486504,3,0.0032364605106069096
5.539590574320361,8.001790788864174,5,0.0012629081689172687
6.945493300779609,13.739650099093517,1,0.08207361527176947
9.138872709466138,8.382978670725443,4,0.0015487387741152617
9.526422217017863,5.721685043520337,4,0.008021585539716469
6.354861809025983,14.51566884017738,3,0.00032899771559221616
4.719824382017705,5.443318956331669,2,0.027601733847828953
6.478398345021425,11.834865526973664,4,3.693639401013914e-07
9.560714142318913,13.033985714231232,1,0.18630389344360815
2.256375071545965,5.142268282319927,5,0.0
5.720322374958543,12.94727493220017,1,0.07350771074302834
2.8576915808192753,13.214112778689039,1,0.02115613886439668
2.1264783701114673,14.842375716217484,3,0.0
6.212158019412826,5.956972857573558,2,0.05564480992275297
5.093870531369829,7.048326953172478,3,0.0025097408194296946
4.805987741260362,5.449650265006043,4,0.0007896700482861099
6.504593409928052,9.090713983564887,5,2.789326811095526e-06
9.787903923071227,9.387089309031264,4,0.0005641149934864756
3.6619052402393573,9.8948177882007,4,0.0001897394145250953
3.8801570365033884,12.847878453997124,4,0.0
3.6050972981381406,5.139632088930899,1,0.45604008937947527
4.475304764366018,7.204688692544355,4,0.00023929165761227836
2.3778196113624652,5.235073811993546,1,0.10504468551652892
4.910406702913948,9.551337970185525,1,0.11514355480168159
4.28561685131649,12.188933841904184,2,0.0016574321906670524
3.9374542088846134,14.910963282783989,2,0.0007821186650259413
8.238027506346562,11.931180005114733,3,0.0011525403911058925
2.042022685864991,6.44613949212971,5,0.0
5.381491395221543,14.940835620462913,5,0.0
7.713029881230811,12.920268894204263,2,0.006580166834924047
5.129582881568605,10.339872429771077,1,0.1045182174962805
3.0956492161969313,11.47912493415717,2,0.0008234066337021189
6.7994687584179045,13.895959268720276,2,0.0045610728674541955
9.229929400766927,12.322972302806155,1,0.2615076492702279
4.107350603543402,14.177005683013597,3,8.59117162212925e-05
7.6868360227216685,9.2627621988113,5,0.0001086456788598782
6.405109102754901,8.824892304247909,5,0.00010004821125305008
8.425636798868435,9.772943824911984,4,0.00035107371730053324
8.850597734249618,5.249541989021783,4,0.007377502110651723
8.331821943567924,9.15104570023427,3,0.0033947804603898474
4.688707209878928,13.915378903954853,2,0.0017843297159106546
6.933395735855414,7.028618846134426,1,8.598103123993535
6.787842328805682,13.064306744775168,3,0.000486956230171734
8.101810104942217,12.410397928413605,5,0.0
9.14581462212271,9.43164370925512,1,1.8934481753575554
8.911578783802923,13.632648237165265,5,7.293225299365936e-05
7.015133586200952,13.717609285047118,3,0.0005797583511796019
2.46112549649136,11.850759496349921,3,0.00015413661351306365
5.172859994197091,11.566779472780157,5,4.8214123872212186e-08
3.1564079137997885,5.213138626671965,5,5.886671422911041e-05
3.825541662177855,9.793312415925755,1,0.05487232036059345
9.115224685662177,11.284302755899988,2,0.016109279193558333
7.949425604519967,6.661096442501869,4,0.002405291593585594
2.1084721083163664,8.497927601644982,5,0.0
5.581030709505485,13.672257016831352,5,0.0
6.580275798596306,8.437869925519763,4,0.0006638564621110512
5.35496154082288,9.01388851864577,3,0.002230753168354583
6.766899748696082,14.77632281283185,4,7.112638758883642e-06
7.366985907948777,12.129673378719815,4,0.0001244955203856183
3.1443999421650943,12.187048028559325,5,0.0
9.767178757373415,9.63120670762231,3,0.005788122123629427
5.4566771716218625,6.143677700232265,2,0.028231287286720252
3.6725704242170574,8.204244044456452,3,0.0006621542357143676
6.077225652090419,11.171931063175506,3,0.0018474908366761299
9.692282500568684,7.354658810016757,2,0.08485274505757673
7.257057626154854,5.097842594239452,3,0.022286726671897624
5.575530774681311,11.387928238688072,1,0.07034703253061461
2.433981537858598,6.884521251609035,3,0.0012640027209359808
3.565039485803621,6.789756239450594,2,0.009475511264318793
7.484784571925072,10.552814175970953,3,0.001408846429403638
5.11375479072825,5.01258604491923,3,0.004601643323883932
6.9743516490940785,8.003781102785764,5,4.6304154890528994e-05
3.7536721873371457,14.846734910159824,5,0.0
4.02456849018187,12.771144239863013,5,0.0
8.082997262578466,11.115127445957905,3,0.0009447152629438412
8.37316416675578,10.255451913821279,4,0.00021533291827316214
4.809237017034447,12.47120691372661,4,0.0
4.283651027293063,10.045324213802473,5,0.0
7.1599913962093815,14.36110920673258,1,0.055474199125706676
6.196808913494102,14.336970131382289,1,0.06433925254907383
4.045651026497678,7.822523319198353,3,0.0007313123561538897
9.284138399720845,13.321799700858074,5,1.2328917586298943e-05
3.3804227181381474,7.111375677659063,3,0.00030329791410640413
7.890718898380418,8.088781397304215,1,0.862643269843245
3.744558755474058,7.80704836212494,2,0.008336345778867608
2.012105053280772,12.031944930505077,4,0.0
9.091372471832404,12.946693551851373,4,0.0001450394286281955
7.60692084659293,6.018569301846714,1,24.417378273114217
9.677614452159213,6.090377785236817,1,33.449970959163544
8.827458353928524,8.028779392287529,5,6.60885898919273e-05
8.645384811674079,12.404771747882105,4,0.00015855975015549928
3.2551612545921733,8.56237667610053,5,0.0
6.771981629675868,13.593424726536913,5,0.0
9.74334482184875,12.547503575634586,3,0.0014159992242225876
5.308164921155299,9.415917637039902,3,0.00048824500774116985
7.354528127415086,5.0447878085564,4,0.008338719586418911
6.869894395427884,6.314700925648969,2,0.0824357229550711
8.158914992021856,11.738185093747603,4,3.6566131677943236e-05
5.724012658012944,5.679130370719299,5,0.0006590302857472402
4.386808243983725,14.604730442341827,5,0.0
9.602051308542903,12.687601143090658,4,0.0002636705159145741
6.142903578338256,6.086322356766274,2,0.05906739779124274
5.875760891159839,11.737363662503263,4,4.110655015634003e-05
5.635619603830613,8.545756525079838,3,0.0018354638560577378
2.94998340594021,10.367303480952064,3,0.00016484453567572918
4.517351703599264,12.751242019586988,1,0.039406504195026004
4.39604088524069,8.89386143179055,3,0.0008869189831194695
9.722585271308414,6.742247104026347,3,0.020339216950843206
8.275922569635828,12.246780678439961,1,0.1969452490879192
9.108942823156326,11.776293533206015,1,0.3675922581933313
6.329029633740968,6.171696219483013,3,0.006912117963860568
3.672229452736084,6.074867629521931,4,3.243011616079512e-05
8.014786764314291,8.059894039898024,2,0.03403162084750426
3.2815886874068445,9.553931559726053,3,0.00029889574002484856
2.5471945239362075,9.19888107154382,4,0.0
9.565931767179446,8.595040510090005,4,0.0014836511612298503
2.7343369629460854,7.356489679942269,1,0.0699672008390959
5.189372402870504,8.285954255487482,5,1.3249537260043855e-05
9.97214763493732,11.696727257560243,3,0.002729913986873299
4.830630635719573,11.363895642054857,3,0.00040139312389369527
4.980437238793877,6.165889922789379,2,0.024517532130843178
6.123432089464769,8.93820748388261,2,0.009190408585454541
3.3263728762846325,12.282336614314165,2,0.0012103625917555167
2.5916858491098305,9.74715960717099,4,0.0
2.3319063313533235,6.647917875415596,1,0.06868103669032272
9.56760909419268,8.92321521185922,3,0.007440478564335421
6.4800890320979825,5.55612298573849,3,0.009393150228329252
5.318711768882305,6.726247935250109,3,0.003521289468697074
4.7859991754751166,10.398056648578534,5,0.0
5.433412993402422,7.3621303427121,1,0.38889653769636967
9.62418571807241,7.797823208788241,2,0.07448504104784644
6.782853527111751,8.814577373355615,2,0.013103963984721167
2.3805162911536906,8.736594852708647,3,0.00031705690748966395
7.514243472096102,5.015918421691571,2,0.262420495125621
7.019813684876703,6.341203282714095,4,0.0015145205443603436
2.8877761913571334,8.885335466053967,1,0.032072067148892436
4.663465417111251,11.210188919249934,5,0.0
2.403472182574885,14.849637500254515,1,0.010867525980318567
9.769716427378171,13.340274777339419,5,0.0
4.646332284980978,5.781599526986897,3,0.003132191650250642
9.771317483228351,7.524882073596677,4,0.001891429233687472
6.029010062480372,6.746975213168907,1,1.399809755896321
9.146131769494321,14.493469118564706,2,0.007040542644099883
9.306604319064697,7.745765107926035,3,0.008270093780642208
8.708850731586937,12.255408454899275,3,0.0007791765197124801
2.9832088345683623,13.17443778352205,4,0.0
8.207461939250818,7.020068072112769,3,0.007981537301972067
9.947316620897777,13.780388455556018,5,0.0
8.843906545535447,14.99021470647782,2,0.006886157291202039
7.596098454218478,8.750855590310369,2,0.03947147720238965
2.0662091078805,9.408444996640656,1,0.018948166762661853
9.454540689287988,5.870107030105185,4,0.007791678886830407
9.362927406319503,5.175698467714954,3,0.07921721072729083
3.400675371159208,9.009633605929661,1,0.060978222521150774
6.714062973393215,13.723779990909534,2,0.003044490930304472
3.9204397228876413,10.690783880638936,1,0.05167973780640571
6.195710824063172,7.587032557490363,2,0.03453605607249173
9.954661729846503,7.326571679440029,4,0.004968695329409417
5.741050436700036,6.27442633738921,5,3.925108159956734e-05
3.7169721368660262,5.372960479696674,4,0.0004888624106094072
9.967650606481039,13.174855180614077,1,0.19372136725178796
5.306043872557277,7.750832258744741,1,0.3544340343247922
4.416217079712742,14.493332496011638,2,0.0016558689216454715
3.86274899932397,5.250761865507325,2,0.02528812731654212
5.837665342999801,10.265882060422346,5,0.0
6.532165729185751,5.410206376266582,3,0.009907356728968935
2.6006907063114113,5.545910355457902,3,0.00231604989216866
4.896834772609172,14.34108360137735,5,0.0
2.1898202167658622,12.995212530697863,2,0.0011370878514164763
8.636284755366102,9.147914880847512,1,1.2981432835133973
6.212246200567006,11.404503859327091,2,0.006219943041754274
8.476575926798956,7.295580728578701,1,11.958183573217621
2.2620543711692447,12.75271454508788,2,0.0007812758521765261
3.8961650983120144,6.1107714138218805,1,0.28940946696272357
8.17475876012113,10.0278652775765,4,0.00019959500790120576
8.189916989268568,9.557077740307875,5,5.408508270982751e-05
2.680829881758254,8.70656629470087,5,0.0
3.196931394835632,14.809118619225591,4,0.0
5.213881722404385,10.859232576380887,2,0.005292253576321495
7.311360438818161,5.066322707798539,3,0.025796083657818658
3.9337209047736392,10.261261896282615,5,0.0
9.741054291357694,14.272085857913085,4,0.00014248803882686205
7.683827139236671,7.23927317845697,1,5.492237013485689
7.394365289537713,8.379962683987156,2,0.017995353626423287
3.054544648742249,14.097996499534645,3,0.0
7.547597775824038,10.281522263474992,5,2.371888306877541e-05
6.887862567908327,7.206636465271922,3,0.005464162317251574
8.14586552040582,13.114119853689575,1,0.15190254626550367
8.615758480367802,11.239860679825085,4,0.00016666809186922815
7.924930903509044,7.72011594631166,1,1.7737795956857731
7.194859052323826,11.897049401476533,2,0.010295296469469523
3.9496172175651045,9.086009225646384,3,0.0008383545104483243
5.300172021170155,10.666974457323555,4,7.704122708263813e-05
4.314841436905058,7.993847325017759,3,0.0008490256559889376
7.820292765915041,14.889530218763126,3,0.0007828642575398227
3.871909011864468,14.801305443179881,4,0.0
8.824864975386893,13.015075143832908,3,0.0009191304790598739
8.36361824086067,11.731805532635239,2,0.011031697038680283
6.900154316519619,12.595944986388545,4,8.356724953734015e-05
5.348650336187786,12.14062908349424,2,0.003757512464539934
8.527132976604637,14.833549564081922,4,3.605026846589238e-05
3.468994484584992,7.31382047475515,5,0.0
9.282099648580955,8.009429530176714,2,0.058381387179167465
4.332976563658227,9.15525810736388,3,0.000956001623776793
6.265332190514572,11.538765180486218,5,0.0
5.0743745395093365,7.212542779310359,5,0.0
3.228216511519748,6.048298776132073,3,0.0015219099647772918
7.70039276044624,12.866606715181085,2,0.009894023369770355
9.621617335030598,12.72732791892783,1,0.3429231917640627
8.26888200448251,12.613690339136493,3,0.0014585464467678799
3.2069058142857587,10.884056126157876,5,0.0
8.3865378619309,9.20336087833086,1,2.721818634056903
8.894523372334355,6.645998139909983,4,0.004405181510979659
4.420931818936994,6.035623027497881,1,0.30594302139115886
2.4296647765337163,8.133786606944966,3,9.553534695331777e-05
4.425918182610447,6.889791099342889,4,0.00017928420009716465
7.505198210822615,13.523324651055468,4,4.297008131808849e-05
6.096999613767057,5.249104752960437,1,17.551551814503153
6.841684322640128,5.014486374538216,4,0.004369377349926357
4.410855537959384,5.560504687917993,4,0.00046310098736909635
6.406607421189866,11.853118405701537,3,0.0004211820747033761
9.21523231065993,10.208312713211686,5,4.63469307862341e-06
2.071437349945101,13.533693654562066,1,0.007453264961544575
4.95726706171041,11.641507123584024,1,0.043693070083382836
8.570497793210539,8.306582334575722,5,0.00037577875249926863
7.58109855144924,6.985039017926148,3,0.007045347294626767
9.276370868062166,13.741462967039345,4,0.0001524245381232111
3.2969340017620237,13.144762546487925,1,0.024489583849313712
3.9380735136135927,11.652123012679397,2,0.0023932335002421735
9.125212552606708,8.529636249683877,2,0.04304271017995805
3.3957150737032293,14.413607459112082,4,0.0
4.598054433104724,9.432103777740204,2,0.007688604162277398
3.904081777434703,7.188832175330764,5,0.0
7.18734227804513,14.942200125350714,1,0.05462200736316624
3.3365022340022508,11.215635266317893,4,0.0
2.4090828743710553,10.18929808233154,4,0.0
7.709327910023789,11.939526075544435,3,0.0009330399287317692
9.231769755569927,8.271277772642023,1,3.9622035582067627
2.9651549518811358,14.73662257571132,3,1.0506392729874341e-05
5.2185530461531044,12.371791290655345,1,0.05744659227575348
2.0743054756368284,12.586157290235747,3,0.0
2.760364121264021,14.65548040498858,4,0.0
7.737817487808741,6.722327637629187,4,0.0013651879609476029
6.192035431136068,11.558569059841146,2,0.009410492659673038
2.355963283626834,10.49595995308067,4,0.0
9.245049055222925,14.861775227295638,2,0.009223113793535027
5.267676553707435,9.091191653184548,2,0.011989771261319452
6.6342073143731035,7.839675198463665,2,0.02759038817889488
5.3400956532330275,6.99917621886436,4,0.00046842050106451664
3.512425423185073,6.869036009313337,5,0.0
4.488150085202878,12.572464236830797,4,6.31883243368444e-06
8.08603164040132,13.203676076630405,3,0.0009020051661739106
2.093364408231455,7.281539979767001,2,0.0023855544411416196
6.314220274150574,6.318397269104579,1,2.5896662658970313
2.9800434115457817,13.37336159222656,5,0.0
8.295979281134898,8.078736245930376,2,0.05871063960858901
7.458889352680004,6.9025566609114275,2,0.05249135777414256
7.786490041279512,13.38025259373134,5,5.322664286900002e-05
3.3607373381243066,9.740198945342652,1,0.06217520643680468
2.5992253633420717,10.343030885511174,1,0.026363325360134356
8.678722226007167,8.111252673043392,3,0.009323985474642499
2.841708305008008,13.986901675926672,1,0.021172806525808836
8.450551676256458,11.199723479334544,4,0.00014607162821206514
7.691185938087311,8.827378634375957,3,0.003994090752307802
8.112867042111878,8.323235563650526,1,1.8025335939466962
6.610207550437063,13.719285614121732,4,2.507908972275101e-06
3.54108666692576,5.917922502215644,4,7.24662431605075e-05
5.813074002510484,7.550586540127427,2,0.023357427519099014
4.054816418931444,14.915845835455636,2,0.0022051093093046494
8.163304263066752,11.028635162535368,5,1.0248608642860047e-05
9.807091628628248,14.34801899956588,4,0.00024344455103597056
6.571943235628542,14.38066834441201,5,0.0
8.14961894565036,13.897963332866576,4,2.022453537414566e-05
3.8748178817578314,5.768994795577323,3,0.003558005811290093
9.596292737343358,14.113808131807895,3,0.0015692864394736348
4.939387789261215,14.875943896244955,5,0.0
4.757944318627375,10.693062463345441,4,0.0
4.796317014352737,13.913962262680172,1,0.02798136464023604
6.693513276800143,10.754629291252327,3,0.0011786465285244698
4.304004744793187,5.736120445623235,1,0.8110586252717814
9.192339532868218,6.9551828905097715,5,0.0006018634944492634
2.3302430958817792,14.386735004826361,1,0.02188739016907449
4.081410815565404,12.720645876268868,4,0.0
7.996834144414784,7.975989298818296,3,0.007138556949960942
4.257684664835421,11.665467344568796,4,0.0
8.792424948651666,12.849470293554415,3,0.0010759547059008888
6.290361104846244,9.974479223398944,4,0.000112266470628992
4.1284320060872,13.579123646177184,1,0.03330078264972567
2.733469586658951,14.214038183507835,3,0.0
3.4235892804943866,13.616382364243202,1,0.023757064812668406
2.885462828653682,11.20658619488993,5,0.0
3.8624706323461684,14.677417584150259,5,0.0
5.106915945276305,13.550427126550998,4,0.0
2.103516396178735,9.631258546256406,2,0.0008934882794410841
5.37428471382947,10.267026377857553,2,0.005985144576000477
2.251246010350213,5.078381688060121,4,0.00015767143597511087
3.1890926514836027,5.0054225147144615,3,0.002349060598269352
6.6905771298631995,12.674214928940597,5,7.602702380474891e-06
5.289398137472691,12.554987545665641,3,0.00013982785531167682
3.6954921629592707,9.188564060549027,2,0.004550303000059362
9.896195817548804,9.560433934089204,3,0.004387764190982067
7.1503778841715615,11.157334659852992,5,2.266753191740367e-05
7.370615208282197,12.18186470030082,3,0.0005814724803253662
3.237819356616079,10.54447219939772,4,0.0
9.25526959612856,7.9131433099470785,3,0.0075488681545024874
5.512027089921907,9.971566870278771,3,0.00021999961266253045
4.659539084766727,11.082891313167053,3,0.00015025938163038102
5.2770268141284316,9.652656293619827,3,0.0009178208599523558
5.8288287143249935,14.017414935018573,4,0.0
2.4721220521980207,8.163373036268448,2,0.0030429038827638013
5.783565771972367,6.65469569127875,1,0.9744934110936838
3.669316771191,9.157443922459858,4,1.1837943874679017e-05
7.004518059342334,13.920332198636558,2,0.006481732719618606
3.5519379512419853,14.516641798180144,2,0.0009642588543383489
7.291388002352904,9.098986991724685,2,0.02680268657071971
9.048982780393406,8.848512619555997,1,8.710824786159643
6.407472876563647,12.7854746888392,4,0.00010063245522200475
9.074618606830015,14.52227202811127,1,0.10180813666038
9.668752541894577,8.982860002183983,5,0.0003289682570949042
4.752964246906842,12.891465894671278,3,0.00027449582116482313
7.9117677480220765,13.299244662177214,3,0.000599419905820961
4.400659585885516,7.969343311520034,1,0.13855543950316657
5.728076983259125,8.022190263908534,5,0.0
3.2312618072023245,11.088574058889845,4,0.0
7.965521466197483,13.03894608871824,4,0.00022207628500606539
2.751247001110034,9.015436568786907,4,0.0
5.653317748482924,8.558524666911405,4,0.0002696705818574081
9.406340946576009,7.804201249920099,5,0.00048790132794499213
9.282681503003726,12.074183209001008,3,0.0019027633812100308
8.123227133711802,6.324915360202378,1,17.40100143054926
8.077835268769466,6.945938162635475,5,0.00014232582427450556
8.50504536134607,5.257596660582813,1,41.51888720894234
9.081210364713858,9.40912111660924,5,6.363223003783723e-05
2.756252624227563,6.674024933674353,5,0.0
5.7986461186639975,13.577864178063777,2,0.0026874465379626497
7.208397532597207,8.627742767049913,2,0.021295346380211338
8.435684893053057,6.025709280199656,2,0.1366457861064254
4.837323774635147,10.161769007570712,5,1.3885142787927229e-05
4.735419585538694,7.152665981890922,2,0.017116989848200228
4.769127373542858,13.057309963658192,3,4.424330223915575e-05
8.673961039621986,11.27504385045507,1,0.3004352136251387
5.3332071027060834,6.490626578759096,2,0.03156875743505108
2.6888241358912914,7.133368348659159,3,0.00026234943015321214
4.848234877586561,14.089412799458492,1,0.0384057804323173
3.853726294636175,7.462702992254197,2,0.004814910493757635
8.541792533889911,8.674107836574633,2,0.04123104766868616
6.703527789147025,12.099537674701015,5,2.2346930821364342e-05
6.5618463397603985,11.949867552720658,5,0.0
4.0718272020300805,9.77241214337809,3,0.00033694916665314085
4.940174772230119,5.535741246017347,4,0.0006713312824770498
8.330274220780364,9.073956434060275,2,0.02896993448724487
5.13423341396017,10.304207926355074,2,0.0060122477136058654
7.695377061085905,10.013495897514836,5,8.525980161500638e-05
8.794232257710764,7.88852070928253,4,0.0010633933089306778
5.596824412723004,11.336437561882974,5,0.0
7.391407220334855,12.488969083098713,1,0.1010748986575185
7.666118769752011,5.9337700059681575,4,0.0022746493328800873
2.8268516964488244,6.3711362607072095,4,0.0
9.195784334646941,12.11010000603461,5,8.686183552033263e-05
7.207308126539975,14.465347056782033,3,0.00022713905914091063
2.8895755222702446,7.004560424891329,3,0.00046260785235145707
9.624949343686371,7.594821234560305,2,0.10345723360681901
9.241499223633244,9.379973696588582,1,1.5315202892572453
5.9161211683758195,10.661966871890442,2,0.007968745149475133
4.687466598589172,7.8440367985014685,2,0.01419762067187385
4.045313363650041,9.33676669198574,3,0.00045994313107041953
9.609355562372256,10.198199385414036,2,0.027936825912780537
4.064172596524785,7.403207678449723,3,0.0003701216851359744
6.945940365501807,6.816205355133066,1,3.0421192567012585
7.299617396120404,11.942850737766523,2,0.007851830139065624
5.462465003303254,7.967254724623123,2,0.01482614222394509
9.791302207736152,9.057864383385581,4,0.0007931409320983603
3.0498310813005967,9.260430135234312,1,0.04895582092389722
8.61320232140195,8.68675577712011,5,0.0002315192837676691
9.102516489292505,10.096314331057085,3,0.0030713605632347652
8.407648157285193,7.596584940623478,1,9.122008203144137
9.46422361365023,9.538475683401224,3,0.004544658231167094
2.9153159566490308,5.3873505572967755,1,0.2177565979513271
5.673205335006755,11.254149301208187,4,0.00023909420100469496
8.203092568283335,11.2517521649435,3,0.0007942760366989865
4.4740801240422865,14.906751666500071,2,0.0012757514087822152
7.5310468788055625,14.02425028585996,4,7.236105661733734e-05
2.5757707285195277,13.771733944434834,2,0.0008402885667448853
9.818595651671348,12.84917102469531,1,0.23100307329606787
4.996374637052106,6.744279070754122,2,0.02985813264171319
7.28821982817929,10.500795098346167,3,0.001503671613826248
5.085979116168375,12.690772447354274,2,0.004120393586463913
8.083066009860769,6.750648420013109,2,0.06693388998003853
2.6319257721453715,10.009628786939395,4,0.0
8.672348895307337,5.971949046985215,2,0.21716368607407904
9.314893583000083,12.720447357591715,2,0.013438166937281648
6.99153531419012,6.762275073791341,4,0.000680164434408498
5.9519205740943315,6.721304181677113,4,0.0004829889430026234
9.68515510658563,5.353393607370993,3,0.042675160683501
8.400607834284166,11.591084086686877,5,3.812805531886582e-05
7.888138874791268,10.983301995701833,1,0.2764015571216354
8.419613829506922,6.0184617137576835,1,26.203816458565466
8.62797578135125,14.188676869536513,1,0.09518804497549993
6.155070597277808,13.846435034172552,4,2.7361460312893753e-05
9.042314464470806,8.172961519687949,5,0.0006790488381422812
4.654902434401274,11.533852743095864,3,0.00055886596500254
3.9380015180454784,13.929420906115947,1,0.02456265974699377
9.25756248038575,9.653447228835956,2,0.03136581083891009
4.422623917977702,14.584064494139954,3,0.0001553675740037874
4.226179284991735,5.166105942936843,2,0.03527932403198951
2.1054622211877394,5.902020052724134,4,0.0
6.300054081130603,6.546543668415805,2,0.037402204486908536
3.2173232277952932,5.749722619934268,1,0.20347883830754432
6.675196494790943,14.895624301892163,4,9.466063113726338e-07
8.946217484280329,12.958433787359132,3,0.001057423632430434
2.8153616808124857,9.070879467624597,3,0.0011181467646026952
9.113488774574513,8.388538487359497,4,0.0011791407842279406
3.0992631192949407,14.626461701813993,3,0.0
3.383448841030937,5.774085447692698,5,0.0
9.523857871992291,10.561560943317879,1,0.850614171900793
2.6225570512366563,11.575283296795458,4,0.0
6.0159935348027656,14.446179866058909,1,0.047015421483236286
7.871360105393585,10.325176465876867,4,0.00019678316344477368
9.006699102861681,13.347207585118374,2,0.010753675537900742
9.114246813107236,5.341339056945453,1,43.78007794236414
8.095362063525364,5.683155609391845,2,0.20834277431695766
2.7508002103066893,11.233716379662793,2,0.0005781447768673338
6.804210610724348,13.69532525007671,2,0.005637214339722696
2.9324324341856176,13.162993300129799,2,0.001895642440784124
5.727260817101898,8.609139753863486,1,0.19657339891795828
7.517605206312634,11.119103904180491,3,0.0016811932237230333
7.358444725304206,5.039455889749076,5,0.0005709223115981313
3.3630644614162613,5.409926196956938,1,0.27059618354083154
8.053826205142876,9.613590091660168,2,0.023293678407096265
7.460115837154373,9.40991721131979,3,0.0029866569723137667
3.6182801175728594,14.786898677836941,2,0.0005247652001470057
9.2859914867412,5.359777019085197,5,0.0035547407702950125
8.01961622921472,8.985082196957983,4,0.00039641360396100455
3.9296898626297505,10.711225436171805,4,4.304381392332565e-05
8.954144523583834,6.243419787125224,3,0.015186304198014752
6.425800252194996,5.268924648608621,5,0.0010782504928319187
7.602593952708443,10.871503374720364,1,0.30477013722292945
9.446233268062475,12.80750086951569,1,0.29160773013899
8.156686651797086,11.41818631412984,1,0.2074486085197052
7.049971236458272,11.726825800249344,5,0.0
8.985812184672373,11.030413751566055,4,0.0001983821918406881
4.343243473813708,13.3453110989678,3,2.6301776307614435e-05
6.310999835202917,9.939057420611586,2,0.012593482150230971
4.381428953354826,5.6270512464297,3,0.0037586719686486495
2.0866791107426836,12.809038190494652,1,0.015519863199777342
9.74720720430442,13.36728471181927,5,3.8028636012972485e-07
8.33763139536671,12.961711867974223,2,0.011136766101104959
5.812460566068003,8.930823998533306,2,0.015482175820077104
8.59287679606464,8.71457980128502,1,1.9833749079256677
5.098383674009977,6.3840670850781045,1,0.4718462937192243
5.861485695470312,12.657184724583002,3,0.0002715691944963653
2.484883868266909,12.721226295987535,5,0.0
8.295512880621935,5.895546350344202,2,0.19333606376910925
7.449294464412829,6.351600710771738,2,0.10595105140415331
7.424852223682743,10.44792178700288,5,3.778376584223344e-05
3.3294052292890326,8.677032472126442,1,0.08315008275895915
8.185878648048153,14.179533461212582,2,0.006064746940208832
5.356922937547811,13.196730949223937,1,0.04108060324839891
9.012667665486322,12.270409568010113,3,0.0015252944596628065
5.5886458396006935,5.923478664460018,1,1.6340540438825972
9.758051128419302,11.293927232049885,1,0.9398453149267821
5.901277781535982,13.308147553114265,2,0.004011728606354567
7.5598139155332715,12.40747543573617,1,0.0980390111377073
5.6603995329117005,11.092568951343997,1,0.0877415678261601
8.039217514523084,8.094750569277284,1,1.388270894772266
7.912060058217939,13.809748848776453,4,2.2868503057590134e-05
3.3826573534179794,5.613491523896928,4,0.0004191081335061743
8.169722760702182,9.472427893618246,2,0.02463283941284796
5.269074788527389,10.737082999253555,5,0.00016224490498389265
3.879393726154998,9.385166576236077,5,0.0
6.233618315391918,11.556391786328174,4,0.00012132046147562346
2.0709377138295064,10.53136268081108,4,0.0
6.408578085813961,6.024755277070664,3,0.005861740454519427
5.4580071948014535,9.57079753495669,5,4.69542880420702e-06
5.617254247797725,7.7750077200391665,5,0.0
5.655826990572699,6.352804081562818,2,0.03422645438420851
8.19335943900703,12.713196278133179,4,0.000221556976815269
8.482127917009585,10.140780860162689,1,0.6630877485178225
3.77275749329554,14.129548786429126,1,0.028602391652929215
5.087264489628178,7.138881610412254,5,0.0
4.713956222975834,14.085715027507561,5,0.0
5.327716481663536,6.010565537707525,5,0.0001066508774837237
9.413989673856904,9.90909237374504,5,0.000208679754244355
9.896875412580288,5.106681717862996,1,45.69322692975864
8.924570711541119,12.943463729944769,2,0.009678881144443867
8.042116757791026,6.336629861247034,1,21.680235007329905
6.682620500675639,14.820957011239567,4,2.223277658494989e-06
5.871545142708513,7.947532110332883,3,0.0014957955778603653
2.2565518943818486,10.692706190753734,4,0.0
9.719317266453475,8.391247721220383,1,11.17235877185206
7.511726018508174,13.068007122071476,3,0.000742107873486323
7.068084542487924,13.06407219836513,3,0.0008013370574247565
3.971240080515991,10.798070168380583,4,0.0
5.410973850969409,7.931256732838569,3,0.0017774072306514096
6.271095760395651,10.37421993925511,2,0.007374965624163058
8.27350975277298,8.642610652601716,2,0.02170200996569674
7.807486196168712,14.900723558965044,5,0.0
4.289024959557906,8.348162097642955,2,0.008249332902470177
6.284073219363328,10.374625658754066,2,0.009839730866814672
6.6198297969955116,10.510266603044442,2,0.012881838791094545
5.816652479956009,14.339527044507454,5,0.0
9.319321632705105,7.413315307966281,1,18.289654673185748
9.572708521243253,6.032602521210082,2,0.19710044495381143
6.492531580568845,5.327189825213368,3,0.019501032021354336
9.601354491202015,7.9289375938860465,1,24.707092666774265
9.419813063102806,14.254792225428037,3,0.0009966584041568832
3.9424892826668865,5.2326285904096785,1,0.6062580276860008
9.139298457686799,10.004955055771855,3,0.005315136397754923
9.198790507448114,10.503676087043823,4,0.0003185898178926861
5.223293339882016,12.231607888169929,2,0.0037599260591599823
9.158795799612221,5.581495660493409,2,0.12811270092485497
7.840882677433791,11.751842350996059,2,0.009442902398304039
8.800194731869254,7.604021356454003,2,0.08080683053013067
5.126021132450369,5.537775750851156,3,0.004597513719405262
9.534169746614857,9.623980513083819,2,0.027667020825707034
2.2637527744766217,6.741363654896749,5,0.0
4.41271701999755,12.124161953106693,4,0.0
9.83835663537867,9.100027428353261,5,2.503389289772083e-05
8.994752485040856,9.774665456257168,4,0.0003933819029209134
4.9242475057821595,12.842930316511687,3,0.00020803179767876358
7.66263291471529,11.274385668422937,2,0.0122804249103923
8.677905434788986,12.382410754250927,5,2.3848846260118163e-06
3.1488588199440244,14.728364294666711,5,0.0
6.372611758105215,13.146448418981189,5,0.0
7.42252652077124,7.980681597681121,2,0.04680778778132847
7.580901540104678,10.342039722620168,2,0.014580761924433598
3.2764595165062413,5.688219638253954,4,0.0001014433833582062
5.874444646311551,14.805731637838125,5,0.0
3.528836078042138,8.895939715696255,3,0.000852569507882257
9.392381845300989,13.460523313527043,5,0.0
7.189454123495229,9.955431723901826,5,0.0
8.248809202953542,14.173516260823542,4,1.6400013866413926e-05
8.209003436963805,5.029531865340417,3,0.0430038896049138
9.197135351998487,11.545910505006212,2,0.01879268874685384
3.8662549996427025,9.068244516863937,1,0.0587289139665579
3.292996205339082,8.298469659489044,3,0.00033459422376426223
6.267030010056137,14.350111471924551,2,0.004195497322788494
8.656105022182066,14.290045015344774,4,9.442069569932136e-05
6.093555177613671,11.980662217100203,4,1.8931697003058696e-05
3.740277342930482,11.851128100640777,2,0.001521010609770643
8.665331666432719,8.639057480740213,1,4.434425269434942
6.687563332626011,12.891985410308756,2,0.007720186230207075
2.544378828236953,14.838426278922954,5,0.0
3.803287723512658,10.377004155890576,3,0.0006544582054652822
7.858474755511777,10.917067434699733,3,0.0013254993368604026
2.066789710226801,9.143661891188133,2,0.0032479904088901263
7.946578038376803,10.30997587506786,5,1.954327623350798e-05
3.5274118828801644,10.165704006995675,3,0.00012821246406752098
5.143620815067691,9.93431081906213,2,0.004549562315022076
2.333383085739169,8.486695828098277,1,0.04188012664392553
8.289347548003168,12.768216135696989,3,0.0011955766198680953
2.906548813998655,7.806027867947972,3,9.472843608550156e-05
9.00655963038641,6.493669968456079,1,28.67260626837192
8.482421118988942,8.2466211133235,3,0.004666156021989038
8.986645381501418,5.36864909065992,1,43.77629424344517
8.3595375544971,12.321241410434428,4,6.330702515320334e-05
8.122299759183488,9.73301399823363,2,0.016088653373624796
7.972080838140322,12.001533727770815,2,0.00995778560383069
9.148539578288913,6.589478534393612,4,0.004302664071617141
7.201327554665558,11.110901298792625,5,0.0
4.14522427363255,9.157475891414645,3,0.00023295583097147787
9.429997700193137,6.272213697647155,3,0.02371535235116479
7.833795984592134,13.966578537138098,1,0.09710874375130449
7.794122935930658,7.945054763415859,1,2.5363746025929834
4.1260924540701005,9.264270060244744,4,0.0
3.236787048529715,6.250394136387817,4,0.00030174133508329614
8.573799642526978,5.024443823902991,3,0.04765358864085079
9.304075429125248,13.065205228879659,4,0.0003940061155996385
2.599263246301068,10.14309685845578,1,0.04560660190475289
6.878311949201771,13.902030825580587,3,0.00028555113897852453
7.942120304805233,12.220017010252468,3,0.0006770737273790971
6.342475480877094,5.725245052876873,4,0.0025160715631404687
5.145205328352762,11.916975543322762,5,0.0
2.936257984921247,6.655702895369689,4,0.00013332788312329715
7.221410475976558,8.195653900224992,4,0.0005914130176067411
9.728257740538757,7.739793604061167,3,0.008989299391092439
3.115558194627342,10.567340230535727,3,6.543275823107315e-05
7.944834156504287,6.736518180875962,5,0.00023331041471721112
3.641737147686495,8.973267359876331,5,0.0
7.681176532911836,5.126895333275689,4,0.004227159763577704
5.971002202392479,10.541209563021809,2,0.005892597120992563
3.687358240144336,8.96292447531911,2,0.002876990215406199
4.015849310734437,14.759831647167278,4,2.3822949730991333e-06
9.978417959215296,6.579398192853086,3,0.026772089333387476
9.819792181901771,9.657420612797619,5,0.0004815714164672209
7.80457798562013,12.15121284787749,1,0.1662096732503504
4.101648589195566,6.237182804475244,2,0.02254399141234018
9.48062452129632,11.349636778954899,5,7.452582776208165e-05
2.5426475659077354,8.359309672133328,5,0.0
4.228748235212358,6.517919585129959,3,0.003688539925507773
6.189499088830816,5.8664031486382076,1,7.048689109825128
9.94854104279421,12.201544807326773,5,6.709400585818968e-05
5.3483957091540395,11.08824594894743,4,0.00021032605788838687
6.777011723082393,8.465234587027185,4,0.00040147690597154356
6.1616042871541445,14.819010006348037,1,0.04419636084922582
2.1050808174662006,10.899996497187624,3,0.0
3.8070736949230364,11.499413112382438,4,5.743132679048652e-05
2.605268973711361,6.902782584603982,3,0.0003753997033841062
8.428148209150478,13.081386678335754,1,0.1694262157412395
9.30924826582216,6.153943785048181,2,0.3450149088194392
2.0690045956268577,9.45157997389738,5,0.0
2.831801442180292,11.103804533833502,1,0.025360448694262343
7.663804590744,5.682573894565779,5,0.0002995676448008677
6.726097650793268,10.726626870556757,2,0.01040082927078413
4.745615796322239,5.858051872285058,5,0.0
2.1572150742522798,11.526866776717403,5,0.0
3.2139893148718492,14.379657248911334,4,0.0
2.2436467234228683,6.313799721620217,3,0.0005205424140985725
2.2083192925061184,7.1308820072108015,5,3.20449059308497e-05
3.2295096815736546,12.418888002950688,3,4.233275412517946e-05
5.68204851113896,7.973579584881216,3,0.0016553626281981086
7.094285053213513,13.461573774229112,1,0.08629694237725864
4.859595567343791,13.807931453948534,4,1.675210048373124e-05
4.89027115736984,5.886719227063626,1,0.6017355216749048
4.395455876932978,12.295391491420109,1,0.04727972183650006
8.658537187237615,7.997919066649289,4,0.00075917356482246
5.1589397370092005,11.490635132144389,1,0.054168635219241874
9.703583267682163,6.02800713102984,3,0.0293924220611187
7.95493432577996,7.528810960053235,2,0.045299630280566175
5.804330784312535,10.600946257119634,4,6.711537450508915e-05
6.680964063005468,8.627414608752362,5,9.903718989014984e-06
7.335502691577826,9.155032223773407,1,0.3803144616997764
4.393685713242926,11.655081535324854,5,0.0
3.6490378898147817,8.286186454864435,1,0.07148657120650319
8.254906426631802,9.14498164886491,5,4.440140026897295e-05
8.117965180838624,6.977656571116237,5,0.0002108211180536057
5.512964687117504,7.827535425232627,2,0.019533633293686552
9.776275305905767,5.746060257871165,3,0.030826970279613102
5.520063643185318,10.283716660105839,3,0.0006870578612297652
3.2001282818094126,6.337314849871167,5,0.0
2.06316357245747,8.35661199960868,3,0.0
6.6709140169487915,5.854591801759904,5,1.190347298818056e-05
4.613841239699276,10.069576123615883,5,1.2335825205579204e-05
5.917000538503181,12.986716863615523,3,0.00039459655094450734
7.243707742590034,7.793988557986589,1,1.1576398391126783
3.6416286074389825,13.419207727596028,1,0.0243307997465844
9.526830712080354,11.070528488243976,2,0.024713802795624976
8.987355736426768,11.398732652125663,4,0.00012078910037375897
6.109567109157052,5.126982186011666,1,15.409857787862943
9.38214153031587,14.632565452883942,3,0.0004474126172720247
6.38072344932182,9.975383437714788,4,2.536036722242106e-05
3.339599356034439,10.083004419390674,2,0.0024012678791741084
3.7174778078351265,10.109406326901988,1,0.05196751951200828
4.496110331763979,7.6269114988374085,3,0.0004400185388249482
6.976989317215259,14.534759032409779,5,0.0
3.917458067558714,9.813254469258059,4,3.424035070356012e-05
7.736196964061445,13.151521184037454,1,0.11324453386611544
7.868938976133718,10.015621342151578,5,2.4302875596269042e-05
2.1936133918130025,9.448420558719901,2,0.001078643786122885
4.9579178305734874,10.189548230451635,5,0.0
3.2359003137836595,13.502215179150745,1,0.030802737840241137
5.331845276519472,10.257081014784491,1,0.1416106918067565
7.159026538817841,8.193496518761739,3,0.00423788143003631
6.615512671984291,8.64926279900747,5,4.47075218994729e-05
9.917883031225397,5.578621302265243,1,42.57101467821913
5.770922932196103,14.552404464122148,3,0.00025988281347759964
7.540160599364278,8.895804982050741,5,0.0
3.3541517767704487,10.44750246532106,1,0.027078769609704654
7.384059947806643,6.185025828517819,4,0.0014515744280820834
3.2905348337991827,11.380492985470395,3,0.0
5.837145142301501,7.98914102675689,5,5.3170980398009e-06
8.043935927234731,7.695827901398569,1,4.925342200979555
2.252990890002269,12.865140037667953,1,0.01695304684453661
7.701572976877735,12.409768014903767,2,0.008217204977522468
3.4930282970778377,8.179077579994223,1,0.0924752010435597
7.205149520962493,11.602498270625704,3,0.0007421662132570783
8.457139914692643,13.69857626106875,2,0.007808981880736242
4.714136884133001,9.69302430617373,4,1.99301853685106e-05
5.965706042973736,9.408548891660327,3,0.0013883390293961298
9.138045584664699,6.667652229600064,1,31.804253265634536
9.959285827196158,6.158978696932835,2,0.3506374714996864
7.851518382042835,12.14574823482905,4,0.000367690937226125
7.141087849503045,6.878057886149705,4,0.0007455680450052819
4.10247700517237,13.40915712335034,4,0.0
2.5260089365209213,9.953879072144257,3,0.00037264893230326107
3.3103838427852352,13.82524104620566,4,0.0
4.1786474098894555,14.714381903124279,3,4.347576886921329e-05
4.409503204293067,6.81982042158362,5,0.0
5.395652579400703,14.453641343539086,4,0.0
4.46208860188417,7.302213899083213,3,0.0035584502628271415
4.7332581064078125,13.871070772780275,5,0.0
5.43185954631806,10.318180245888133,2,0.005752749778528353
5.417350506417253,9.665259717720101,1,0.11876975016925502
2.8372235401236123,7.3955959898951305,4,0.0
3.8036912034670083,6.4607018553139275,1,0.22729621635027006
5.572300908614407,5.7963768716313115,2,0.04688115044983212
2.1421554819239317,14.58080947605114,4,0.0
8.943924001203923,14.821449799469452,3,0.0006902445630984629
4.6417010712292095,7.016319546611788,1,0.3434042551105472
9.420558429659241,14.582165570062767,1,0.07383990400667734
8.92302474337935,8.501442539797456,1,8.933602035360881
6.504640765661258,6.481885503553873,1,11.761055099462148
6.947656564580931,14.26980283090417,2,0.0038714066104637247
9.774536091598122,11.368166093752674,1,0.3832318976997816
7.029044897018451,8.17846673523578,1,0.504815427608683
7.399352917469382,7.602314194583858,3,0.004953421932867291
6.268671801005195,12.738950223093264,4,3.8912375009071e-07
8.51625105186762,6.582018783882704,3,0.013722673068511607
4.921703182318077,11.219936998955404,5,0.0
5.975624802005259,11.334062750374313,4,8.281339844322557e-05
6.209217467606698,8.916607234652666,3,0.0021293393794392184
4.936980283403257,10.40665290377584,1,0.06429261476255226
7.345742873539919,9.272245233438749,2,0.019011303726492488
9.778534919930909,9.503463786496038,3,0.004459849823848738
6.1428810557459395,7.000199302611959,4,0.0003182751361288637
3.535617031725163,6.093666642226964,3,0.0005895237861218277
2.597706808915076,11.552454803010733,3,4.31971827999951e-05
4.28391343607514,7.395706786580289,2,0.012546763503412219
4.616884847835105,12.047228005401164,5,0.0
4.177462214674493,5.917679053608296,1,0.3672771011196515
5.076009162164583,7.244358162224853,5,0.0
7.849856446783358,10.677469307958965,2,0.015375184058832614
6.025439239782553,7.105848424725271,4,0.000152928044641822
9.540181679335141,13.02675123033049,5,0.0
8.469863341289344,5.1368007528825155,3,0.04251086021022315
7.017078388397726,8.654316217704888,3,0.0033847898300085636
5.387329122460552,9.154267786465848,4,0.0001218476649256771
6.796151174562065,12.467888439216456,4,7.621472633501142e-05
2.694266447812728,6.961822277606182,2,0.007514114246025916
3.9092564339891647,13.797106949054186,5,0.0
2.905456851999623,13.457225014759885,2,0.000842417942000609
3.736074269878868,6.967512174403026,4,0.0
7.907780012183912,12.926899120922254,1,0.09606093726856882
8.922345638871896,14.711135853181617,3,0.0010878000620303124
3.3059418913975795,10.348738486266683,3,7.075342555031179e-06
8.056304009821666,12.261888537508646,3,0.0005958636356800196
7.088985830547568,14.94478226029053,2,0.005235584405183514
3.8004329094162985,9.287075436617997,5,0.0
3.708072067381976,11.098555943240704,5,0.0
5.496906809157516,8.267974478220804,1,0.17957184267602547
4.35436774029684,12.877546005818408,3,0.00011644286148793541
9.786165169652314,9.504379105645482,4,0.0010488057275807648
6.069129150370393,6.676027523983617,1,2.3873306692125293
7.453483404803247,14.81903963892149,5,0.0
9.627747802269425,12.571702253254013,1,0.22585485979088124
5.516574525027661,5.514369348698256,1,6.643640050370167
4.930190901841251,11.611522297191696,4,0.0
4.627457900420432,6.014165921474703,5,5.6364974538145926e-05
3.8301468892876143,14.976421670750469,2,0.0017172583911277814
2.4872672317971753,14.526853923316217,5,0.0
8.652110464858868,14.684494363632389,3,0.0014788884522355045
3.123966476941515,9.290141047704607,5,0.0
2.4632948512537682,11.416947809586144,5,0.0
2.5788034342724773,8.374289934597888,1,0.05448451781050282
9.800059584930787,11.569334300551576,5,1.8967558505532874e-05
4.2935708496038405,10.93445609944919,3,0.00018980978668267876
6.157755942774994,9.14778991487203,3,0.0013753985125250425
5.144165639100093,10.271330524084787,4,1.8622347843311455e-06
5.04776278325676,7.67813035149806,3,0.0009340218777229047
5.494235358294933,14.982974372914281,5,5.018488493368359e-06
8.525004558790418,5.968004799560682,4,0.003175406400707112
8.064820462305379,9.296782303320228,5,0.0
2.3372724789041923,7.514908521951198,1,0.06566181823355495
9.993074363245624,5.364967260514661,1,43.39842581242045
2.771466695216386,7.1654532020778845,1,0.07234408583187353
9.362044237275732,6.930750327843164,1,27.892705485664784
9.239818869946689,13.41435437955241,3,0.001766320397921515
7.978398523268756,12.158554458263154,5,0.0
9.0982011557357,10.420966663101439,3,0.002647245567405671
6.181288876409487,10.562297744480086,1,0.15939427944233572
